-- Users
INSERT INTO `komiku`.`users` (`username`, `password`)
VALUES ('Patrick', '$2y$10$OCSZl6EL/zaLLMO0Ps6d9ufOohrqolThByZsV.wnCz09gtPwzy.O.'),
       ('Yosua', '$2y$10$27RuC9fivcEc.5wFxwQWN.ilYabrcScL1BMdSLmjYVvrNXyG3m8B6'),
       ('Michael', '$2y$10$.QfPU2CfxFcDckbDGJ5X8.eB8PIvs.lKBi3H9OBenxZCkA28sMn5y'),
       ('Victor', '$2y$10$XTFvIojvE7Oy8vtinoGBG.ADkd3lTaxmt/m5BTOP4qQvKSW824PEC'),
       ('Felix', '$2y$10$.FdnjGw4aghoiGoJpceyV.Ri89pxv02VUJCmNnuIPuWdXTF1kuICW'),
       ('Robby', '$2y$10$ijmydNOCmBCVaiiU1ViuKuwMmhrK0S2Z.l7bsPkWo979EMjQOLTNi'),
       ('Calvin', '$2y$10$sJFp.UkxXCGdW8.RH6ohAeX2021AVMwn3vZs9z9idIb.gzVDIgWwq'),
       ('Adam', '$2y$10$.DkNszdGACiZx3FYSp1hn.7RTnZ7x.P59fwfcC18LdnyZGmmcA8Qe'),
       ('Hawa', '$2y$10$Xf3daTskb/q/ggKdbl/CvOZGX9lYj1lR0PqgDIfDmXZOIr6rZB1.O'),
       ('Spongebob', '$2y$10$fVNhVT5R1bBTLzzqUtdeUeXhl7ppstVw.8mwveaB0ENvWYEftrDF.');

-- Categories
INSERT INTO `komiku`.`categories` (`name`, `description`)
VALUES ('Action', 'Stories featuring intense battles, combat, and fast-paced adventures.'),
       ('Adventure', 'Characters embark on exciting journeys to explore new places or achieve a goal.'),
       ('Comedy', 'Focuses on humor, funny situations, and entertaining characters.'),
       ('Drama', 'Emphasizes emotional storytelling and character development.'),
       ('Fantasy', 'Set in magical worlds with supernatural elements.'),
       ('Romance', 'Centers around love, relationships, and emotional connections.'),
       ('Slice of Life', 'Depicts everyday life and realistic experiences.'),
       ('Horror', 'Designed to frighten or create suspense through eerie themes.'),
       ('Mystery', NULL),
       ('Thriller', 'Keeps readers on edge with suspenseful plots and unexpected twists.'),
       ('Sci-Fi', 'Explores futuristic technology, space, or scientific concepts.'),
       ('Supernatural', NULL),
       ('Psychological', 'Focuses on the mental and emotional state of characters.'),
       ('School', NULL),
       ('Sports', 'Features athletic competitions and personal growth through sports.'),
       ('Martial Arts', 'Highlights hand-to-hand combat and martial disciplines.'),
       ('Historical', 'Set in a historical period or inspired by real historical events.'),
       ('Isekai', 'Characters are transported or reincarnated into another world.'),
       ('Magic', NULL),
       ('Mecha', 'Features giant robots or advanced mechanical technology.'),
       ('Military', NULL),
       ('Seinen', 'Targeted primarily at adult male readers.'),
       ('Shounen', 'Targeted primarily at teenage boys.'),
       ('Shoujo', 'Targeted primarily at teenage girls.'),
       ('Josei', NULL),
       ('Ecchi', 'Contains suggestive themes and fan service.'),
       ('Harem', 'One main character is surrounded by multiple romantic interests.'),
       ('Reverse Harem', NULL),
       ('Tragedy', 'Focuses on sorrowful events and emotional loss.'),
       ('Survival', 'Characters struggle to stay alive in dangerous situations.'),
       ('Post-Apocalyptic', 'Set after a civilization-ending catastrophe.'),
       ('Crime', NULL),
       ('Detective', 'Investigations, mysteries, and solving criminal cases.'),
       ('Medical', NULL),
       ('Cooking', 'Centers around food, cooking, and culinary competitions.'),
       ('Music', NULL),
       ('Idol', 'Focuses on aspiring or professional idols and performers.'),
       ('Gaming', NULL),
       ('Vampire', 'Features vampires as central characters or themes.'),
       ('Zombies', NULL),
       ('Monsters', 'Involves mythical or dangerous creatures.'),
       ('Demons', NULL),
       ('Reincarnation', 'Characters begin a new life after death.'),
       ('Time Travel', 'Characters travel between different points in time.'),
       ('Webtoon', NULL),
       ('Manhwa', 'Comics originating from Korea.'),
       ('Manhua', 'Comics originating from China.');

-- Comics
INSERT INTO `komiku`.`comics`
    (`creator_id`, `title`, `poster`, `description`)
VALUES (1,
        'Shadow Blade',
        'posters/shadow-blade.jpg',
        'A young swordsman seeks revenge against the organization that destroyed his village while uncovering a conspiracy that threatens the kingdom.'),
       (2,
        'Campus Hearts',
        'posters/campus-hearts.jpg',
        'A lighthearted romance following two university students whose rivalry slowly turns into affection.'),
       (3,
        'Chronicles of Astra',
        'posters/chronicles-of-astra.jpg',
        NULL),
       (4,
        'Neon Circuit',
        'posters/neon-circuit.jpg',
        'In a futuristic metropolis, a hacker and an android detective team up to expose a powerful corporation.'),
       (5,
        'Whispers of the Forest',
        NULL,
        'A fantasy adventure about a young girl who discovers an ancient spirit protecting a magical forest.');

-- Category-Comic
INSERT INTO `komiku`.`category_comic` (`comic_id`, `category_id`)
VALUES (1, 1),
       (1, 17),
       (1, 13),
       (2, 6),
       (2, 14),
       (2, 3),
       (3, 11),
       (3, 5),
       (3, 9),
       (4, 11),
       (4, 10),
       (4, 13),
       (5, 5),
       (5, 29),
       (5, 7);

-- Chapters
INSERT INTO `komiku`.`chapters`
    (`comic_id`, `chapter_number`, `title`)
VALUES (1, 1, 'The Broken Village'),
       (1, 2, 'First Blood'),
       (2, 1, 'Unexpected Meeting'),
       (2, 2, 'Group Project Chaos'),
       (3, 1, 'Starlight Awakening'),
       (3, 2, 'The Hidden Signal'),
       (4, 1, 'Neon Awakening'),
       (4, 2, 'Firewall Breach'),
       (5, 1, 'The Whispering Trees'),
       (5, 2, 'Spirit of the Grove');

-- Chapter Pages
INSERT INTO `komiku`.`chapter_pages`
    (`chapter_id`, `page_number`, `image`)
VALUES (1, 1, 'shadow_blade/c1/p1.jpg'),
       (1, 2, 'shadow_blade/c1/p2.jpg'),
       (1, 3, 'shadow_blade/c1/p3.jpg'),
       (2, 1, 'shadow_blade/c2/p1.jpg'),
       (2, 2, 'shadow_blade/c2/p2.jpg'),
       (2, 3, 'shadow_blade/c2/p3.jpg'),
       (2, 4, 'shadow_blade/c2/p4.jpg'),
       (3, 1, 'campus_hearts/c1/p1.jpg'),
       (3, 2, 'campus_hearts/c1/p2.jpg'),
       (4, 1, 'campus_hearts/c2/p1.jpg'),
       (4, 2, 'campus_hearts/c2/p2.jpg'),
       (4, 3, 'campus_hearts/c2/p3.jpg'),
       (5, 1, 'chronicles_astra/c1/p1.jpg'),
       (5, 2, 'chronicles_astra/c1/p2.jpg'),
       (5, 3, 'chronicles_astra/c1/p3.jpg'),
       (6, 1, 'chronicles_astra/c2/p1.jpg'),
       (6, 2, 'chronicles_astra/c2/p2.jpg'),
       (7, 1, 'neon_circuit/c1/p1.jpg'),
       (7, 2, 'neon_circuit/c1/p2.jpg'),
       (7, 3, 'neon_circuit/c1/p3.jpg'),
       (8, 1, 'neon_circuit/c2/p1.jpg'),
       (8, 2, 'neon_circuit/c2/p2.jpg'),
       (8, 3, 'neon_circuit/c2/p3.jpg'),
       (8, 4, 'neon_circuit/c2/p4.jpg'),
       (9, 1, 'whispers_forest/c1/p1.jpg'),
       (9, 2, 'whispers_forest/c1/p2.jpg'),
       (9, 3, 'whispers_forest/c1/p3.jpg'),
       (10, 1, 'whispers_forest/c2/p1.jpg'),
       (10, 2, 'whispers_forest/c2/p2.jpg');

-- Comment and Replies
INSERT INTO `komiku`.`comments`
    (`comic_id`, `user_id`, `parent_comment_id`, `content`)
VALUES (1, 1, NULL, 'This comic is insane 🔥 the fight scenes are so clean!'),
       (1, 2, NULL, 'I love the main character development so far.'),
       (1, 3, 1, 'Right?! Chapter 2 was even better.'),
       (1, 4, 1, 'The art style fits the revenge theme perfectly.'),
       (1, 5, 2, 'Agreed, the pacing is really solid.'),
       (2, 2, NULL, 'This is such a cute romance story 😭'),
       (2, 3, NULL, 'Feels very relatable as a college student.'),
       (2, 1, 6, 'The misunderstanding scenes are hilarious.'),
       (2, 4, 6, 'I hope they don’t drag the love triangle too long.'),
       (2, 5, 7, 'Same, I like the realistic vibe.'),
       (3, 3, NULL, 'The world-building is really strong here.'),
       (3, 1, NULL, 'I’m confused but in a good way 😂'),
       (3, 2, 10, 'The mystery is slowly making sense.'),
       (3, 4, 10, 'The signal plot twist was unexpected!'),
       (3, 5, 9, 'This feels like a hidden gem.'),
       (4, 4, NULL, 'Cyberpunk vibes are amazing ⚡'),
       (4, 1, NULL, 'The hacker character is my favorite.'),
       (4, 2, 13, 'The android detective is underrated.'),
       (4, 3, 13, 'Agree, their chemistry is great.'),
       (4, 5, 12, 'This reminds me of Blade Runner.'),
       (5, 5, NULL, 'This is so emotional 😢 I wasn’t ready.'),
       (5, 2, NULL, 'The forest atmosphere is beautiful.'),
       (5, 1, 17, 'The spirit design is breathtaking.'),
       (5, 3, 17, 'Chapter 2 hit me hard emotionally.'),
       (5, 4, 18, 'Feels like a Studio Ghibli vibe.');

-- Ratings
INSERT INTO `komiku`.`comic_rated_by_user`
    (`comic_id`, `user_id`, `rating`)
VALUES (1, 1, 5),
       (2, 1, 4),
       (3, 1, 4),
       (4, 1, 3),
       (5, 1, 5),
       (1, 2, 4),
       (2, 2, 5),
       (3, 2, 3),
       (4, 2, 4),
       (5, 2, 4),
       (1, 3, 5),
       (2, 3, 3),
       (3, 3, 4),
       (4, 3, 5),
       (5, 3, 4),
       (1, 4, 3),
       (2, 4, 4),
       (3, 4, 5),
       (4, 4, 4),
       (5, 4, 3),
       (1, 5, 4),
       (2, 5, 4),
       (3, 5, 5),
       (4, 5, 5),
       (5, 5, 4);